{"cameraMode":{"drawMode":0,"name":"Shaded","section":"Shading Mode"},"sceneLighting":true,"audioPlay":false,"sceneViewState":{"showFog":false,"showMaterialUpdate":false,"showSkybox":false,"showFlares":false,"showImageEffects":false,"showParticleSystems":false},"in2DMode":false,"pivot":{"x":-0.6672043204307556,"y":1.8677258491516114,"z":1.257201910018921},"rotation":{"x":-0.04360140487551689,"y":-0.9430248737335205,"z":0.13704080879688264,"w":-0.3000646233558655},"size":0.08321786671876908,"orthographic":false}