{"cameraMode":{"drawMode":0,"name":"Shaded","section":"Shading Mode"},"sceneLighting":true,"audioPlay":false,"sceneViewState":{"showFog":false,"showMaterialUpdate":false,"showSkybox":false,"showFlares":false,"showImageEffects":false,"showParticleSystems":false},"in2DMode":false,"pivot":{"x":-3.569999933242798,"y":1.7130000591278077,"z":-0.5100000500679016},"rotation":{"x":0.15859481692314149,"y":0.4151952266693115,"z":-0.07375326007604599,"w":0.8927654027938843},"size":0.3850000500679016,"orthographic":false}