{"cameraMode":{"drawMode":0,"name":"Shaded","section":"Shading Mode"},"sceneLighting":false,"audioPlay":false,"sceneViewState":{"showFog":false,"showMaterialUpdate":false,"showSkybox":false,"showFlares":false,"showImageEffects":false,"showParticleSystems":false},"in2DMode":false,"pivot":{"x":0.0,"y":-0.03500000014901161,"z":-0.019999999552965165},"rotation":{"x":0.09104800969362259,"y":0.6469866633415222,"z":-0.07819785177707672,"w":0.7530040144920349},"size":2.3354687690734865,"orthographic":false}