{"cameraMode":{"drawMode":0,"name":"Shaded","section":"Shading Mode"},"sceneLighting":false,"audioPlay":false,"sceneViewState":{"showFog":false,"showMaterialUpdate":false,"showSkybox":false,"showFlares":false,"showImageEffects":false,"showParticleSystems":false},"in2DMode":false,"pivot":{"x":0.0,"y":0.019931968301534654,"z":-0.0012742457911372185},"rotation":{"x":0.1884336918592453,"y":0.3630354702472687,"z":-0.07521853595972061,"w":0.9094207286834717},"size":0.3239207863807678,"orthographic":false}