{"cameraMode":{"drawMode":0,"name":"Shaded","section":"Shading Mode"},"sceneLighting":false,"audioPlay":false,"sceneViewState":{"showFog":false,"showMaterialUpdate":false,"showSkybox":false,"showFlares":false,"showImageEffects":false,"showParticleSystems":false},"in2DMode":false,"pivot":{"x":0.0006070137023925781,"y":-1.958456039428711,"z":0.0},"rotation":{"x":0.15859481692314149,"y":0.4151952266693115,"z":-0.07375326007604599,"w":0.8927654027938843},"size":15.8295259475708,"orthographic":false}